{   
    "resourceData": [
        {
            "Id": 1,
            "Subject": "Workflow Analysis",
            "StartTime": "2023-01-01T04:00:00.000Z",
            "EndTime": "2023-01-01T06:30:00.000Z",
            "IsAllDay": true,
            "ProjectId": 1,
            "TaskId": 2
        },
        {
            "Id": 2,
            "Subject": "Requirement planning",
            "StartTime": "2023-01-01T07:00:00.000Z",
            "EndTime": "2023-01-01T09:15:00.000Z",
            "IsAllDay": true,
            "ProjectId": 1,
            "TaskId": 1
        },
        {
            "Id": 3,
            "Subject": "Quality Analysis",
            "StartTime": "2023-01-02T04:30:00.000Z",
            "EndTime": "2023-01-02T07:00:00.000Z",
            "IsAllDay": true,
            "ProjectId": 1,
            "TaskId": 1
        },
        {
            "Id": 4,
            "Subject": "Resource planning",
            "StartTime": "2023-01-02T07:30:00.000Z",
            "EndTime": "2023-01-02T10:00:00.000Z",
            "IsAllDay": true,
            "ProjectId": 2,
            "TaskId": 2
        },
        {
            "Id": 5,
            "Subject": "Timeline estimation",
            "StartTime": "2023-01-03T03:30:00.000Z",
            "EndTime": "2023-01-03T06:00:00.000Z",
            "IsAllDay": true,
            "ProjectId": 1,
            "TaskId": 1
        },
        {
            "Id": 6,
            "Subject": "Developers Meeting",
            "StartTime": "2023-01-03T03:30:00.000Z",
            "EndTime": "2023-01-03T06:00:00.000Z",
            "IsAllDay": true,
            "ProjectId": 1,
            "TaskId": 2
        },
        {
            "Id": 7,
            "Subject": "Project Review",
            "StartTime": "2023-01-04T05:45:00.000Z",
            "EndTime": "2023-01-04T07:30:00.000Z",
            "IsAllDay": true,
            "ProjectId": 2,
            "TaskId": 1
        },
        {
            "Id": 8,
            "Subject": "Manual testing",
            "StartTime": "2023-01-04T03:45:00.000Z",
            "EndTime": "2023-01-04T06:15:00.000Z",
            "IsAllDay": true,
            "ProjectId": 1,
            "TaskId": 2
        },
        {
            "Id": 9,
            "Subject": "Project Preview",
            "StartTime": "2023-01-05T04:00:00.000Z",
            "EndTime": "2023-01-05T07:15:00.000Z",
            "IsAllDay": true,
            "ProjectId": 2,
            "TaskId": 1
        },
        {
            "Id": 10,
            "Subject": "Cross-browser testing",
            "StartTime": "2023-01-05T08:15:00.000Z",
            "EndTime": "2023-01-05T11:00:00.000Z",
            "IsAllDay": true,
            "ProjectId": 2,
            "TaskId": 2
        },
        {
            "Id": 11,
            "Subject": "Bug Automation",
            "StartTime": "2023-01-06T04:30:00.000Z",
            "EndTime": "2023-01-06T06:45:00.000Z",
            "IsAllDay": true,
            "ProjectId": 1,
            "TaskId": 1
        },
        {
            "Id": 12,
            "Subject": "Functionality testing",
            "StartTime": "2023-01-06T03:30:00.000Z",
            "EndTime": "2023-01-06T06:00:00.000Z",
            "IsAllDay": true,
            "ProjectId": 2,
            "TaskId": 2
        },
        {
            "Id": 13,
            "Subject": "Resolution-based testing",
            "StartTime": "2023-01-07T07:30:00.000Z",
            "EndTime": "2023-01-07T09:45:00.000Z",
            "IsAllDay": true,
            "ProjectId": 2,
            "TaskId": 1
        },
        {
            "Id": 14,
            "Subject": "Test report validation",
            "StartTime": "2023-01-07T03:30:00.000Z",
            "EndTime": "2023-01-07T05:30:00.000Z",
            "IsAllDay": true,
            "ProjectId": 2,
            "TaskId": 2
        },
        {
            "Id": 15,
            "Subject": "Test case correction",
            "StartTime": "2023-01-08T04:15:00.000Z",
            "EndTime": "2023-01-08T06:00:00.000Z",
            "IsAllDay": true,
            "ProjectId": 1,
            "TaskId": 1
        },
        {
            "Id": 16,
            "Subject": "Run test cases",
            "StartTime": "2023-01-08T05:00:00.000Z",
            "EndTime": "2023-01-08T07:30:00.000Z",
            "IsAllDay": true,
            "ProjectId": 2,
            "TaskId": 2
        },
        {
            "Id": 17,
            "Subject": "Quality Analysis",
            "StartTime": "2023-01-09T06:30:00.000Z",
            "EndTime": "2023-01-09T10:00:00.000Z",
            "IsAllDay": true,
            "ProjectId": 1,
            "TaskId": 1
        },
        {
            "Id": 18,
            "Subject": "Debugging",
            "StartTime": "2023-01-09T03:30:00.000Z",
            "EndTime": "2023-01-09T05:45:00.000Z",
            "IsAllDay": true,
            "ProjectId": 2,
            "TaskId": 2
        },
        {
            "Id": 19,
            "Subject": "Exception handling",
            "StartTime": "2023-01-10T04:40:00.000Z",
            "EndTime": "2023-01-10T08:00:00.000Z",
            "IsAllDay": true,
            "ProjectId": 2,
            "TaskId": 2
        },
        {
            "Id": 20,
            "Subject": "Decoding",
            "StartTime": "2023-01-10T05:00:00.000Z",
            "EndTime": "2023-01-10T07:00:00.000Z",
            "IsAllDay": true,
            "ProjectId": 2,
            "TaskId": 2
        },
        {
            "Id": 21,
            "Subject": "Workflow Analysis",
            "StartTime": "2023-01-11T04:00:00.000Z",
            "EndTime": "2023-01-11T06:00:00.000Z",
            "IsAllDay": true,
            "ProjectId": 1,
            "TaskId": 1
        },
        {
            "Id": 22,
            "Subject": "Requirement planning",
            "StartTime": "2023-01-11T07:00:00.000Z",
            "EndTime": "2023-01-11T09:15:00.000Z",
            "IsAllDay": true,
            "ProjectId": 1,
            "TaskId": 2
        },
        {
            "Id": 23,
            "Subject": "Quality Analysis",
            "StartTime": "2023-01-12T04:30:00.000Z",
            "EndTime": "2023-01-12T07:00:00.000Z",
            "IsAllDay": true,
            "ProjectId": 2,
            "TaskId": 1
        },
        {
            "Id": 24,
            "Subject": "Resource planning",
            "StartTime": "2023-01-12T07:30:00.000Z",
            "EndTime": "2023-01-12T09:00:00.000Z",
            "IsAllDay": true,
            "ProjectId": 1,
            "TaskId": 2
        },
        {
            "Id": 25,
            "Subject": "Timeline estimation",
            "StartTime": "2023-01-13T03:30:00.000Z",
            "EndTime": "2023-01-13T05:30:00.000Z",
            "IsAllDay": true,
            "ProjectId": 1,
            "TaskId": 1
        },
        {
            "Id": 26,
            "Subject": "Developers Meeting",
            "StartTime": "2023-01-13T08:30:00.000Z",
            "EndTime": "2023-01-13T10:15:00.000Z",
            "IsAllDay": true,
            "ProjectId": 1,
            "TaskId": 2
        },
        {
            "Id": 27,
            "Subject": "Project Review",
            "StartTime": "2023-01-14T05:30:00.000Z",
            "EndTime": "2023-01-14T07:30:00.000Z",
            "IsAllDay": true,
            "ProjectId": 2,
            "TaskId": 1
        },
        {
            "Id": 28,
            "Subject": "Manual testing",
            "StartTime": "2023-01-14T03:30:00.000Z",
            "EndTime": "2023-01-14T06:00:00.000Z",
            "IsAllDay": true,
            "ProjectId": 2,
            "TaskId": 2
        },
        {
            "Id": 29,
            "Subject": "Project Preview",
            "StartTime": "2023-01-15T04:00:00.000Z",
            "EndTime": "2023-01-15T05:30:00.000Z",
            "IsAllDay": true,
            "ProjectId": 2,
            "TaskId": 1
        },
        {
            "Id": 30,
            "Subject": "Cross-browser testing",
            "StartTime": "2023-01-15T08:30:00.000Z",
            "EndTime": "2023-01-15T11:00:00.000Z",
            "IsAllDay": true,
            "ProjectId": 2,
            "TaskId": 2
        },
        {
            "Id": 31,
            "Subject": "Bug Automation",
            "StartTime": "2023-01-16T04:30:00.000Z",
            "EndTime": "2023-01-16T05:30:00.000Z",
            "IsAllDay": true,
            "ProjectId": 1,
            "TaskId": 1
        },
        {
            "Id": 32,
            "Subject": "Functionality testing",
            "StartTime": "2023-01-16T03:30:00.000Z",
            "EndTime": "2023-01-16T06:00:00.000Z",
            "IsAllDay": true,
            "ProjectId": 2,
            "TaskId": 2
        },
        {
            "Id": 33,
            "Subject": "Resolution-based testing",
            "StartTime": "2023-01-17T08:30:00.000Z",
            "EndTime": "2023-01-17T09:30:00.000Z",
            "IsAllDay": true,
            "ProjectId": 2,
            "TaskId": 1
        },
        {
            "Id": 34,
            "Subject": "Test report validation",
            "StartTime": "2023-01-17T03:30:00.000Z",
            "EndTime": "2023-01-17T05:30:00.000Z",
            "IsAllDay": true,
            "ProjectId": 1,
            "TaskId": 2
        },
        {
            "Id": 35,
            "Subject": "Test case correction",
            "StartTime": "2023-01-18T04:30:00.000Z",
            "EndTime": "2023-01-18T06:00:00.000Z",
            "IsAllDay": true,
            "ProjectId": 2,
            "TaskId": 1
        },
        {
            "Id": 36,
            "Subject": "Run test cases",
            "StartTime": "2023-01-18T04:30:00.000Z",
            "EndTime": "2023-01-18T05:00:00.000Z",
            "IsAllDay": true,
            "ProjectId": 1,
            "TaskId": 2
        },
        {
            "Id": 37,
            "Subject": "Bug fixing",
            "StartTime": "2023-01-09T04:30:00.000Z",
            "EndTime": "2023-01-09T05:00:00.000Z",
            "IsAllDay": true,
            "ProjectId": 2,
            "TaskId": 1
        },
        {
            "Id": 38,
            "Subject": "Debugging",
            "StartTime": "2023-01-19T03:30:00.000Z",
            "EndTime": "2023-01-19T05:00:00.000Z",
            "IsAllDay": true,
            "ProjectId": 2,
            "TaskId": 2
        },
        {
            "Id": 39,
            "Subject": "Exception handling",
            "StartTime": "2023-01-20T04:30:00.000Z",
            "EndTime": "2023-01-20T05:30:00.000Z",
            "IsAllDay": true,
            "ProjectId": 1,
            "TaskId": 1
        },
        {
            "Id": 40,
            "Subject": "Decoding",
            "StartTime": "2023-01-20T05:00:00.000Z",
            "EndTime": "2023-01-20T07:00:00.000Z",
            "IsAllDay": true,
            "ProjectId": 2,
            "TaskId": 2
        },
        {
            "Id": 41,
            "Subject": "Workflow Analysis",
            "StartTime": "2023-01-21T04:00:00.000Z",
            "EndTime": "2023-01-21T06:00:00.000Z",
            "IsAllDay": true,
            "ProjectId": 1,
            "TaskId": 1
        },
        {
            "Id": 42,
            "Subject": "Requirement planning",
            "StartTime": "2023-01-21T07:00:00.000Z",
            "EndTime": "2023-01-21T08:15:00.000Z",
            "IsAllDay": true,
            "ProjectId": 1,
            "TaskId": 2
        },
        {
            "Id": 43,
            "Subject": "Quality Analysis",
            "StartTime": "2023-01-22T04:30:00.000Z",
            "EndTime": "2023-01-22T06:00:00.000Z",
            "IsAllDay": true,
            "ProjectId": 1,
            "TaskId": 1
        },
        {
            "Id": 44,
            "Subject": "Resource planning",
            "StartTime": "2023-01-03T04:30:00.000Z",
            "EndTime": "2023-01-03T07:00:00.000Z",
            "IsAllDay": true,
            "ProjectId": 3,
            "TaskId": 2
        },
        {
            "Id": 45,
            "Subject": "Timeline estimation",
            "StartTime": "2023-01-04T03:30:00.000Z",
            "EndTime": "2023-01-04T05:30:00.000Z",
            "IsAllDay": true,
            "ProjectId": 3,
            "TaskId": 1
        },
        {
            "Id": 46,
            "Subject": "Developers Meeting",
            "StartTime": "2023-01-04T09:00:00.000Z",
            "EndTime": "2023-01-04T11:00:00.000Z",
            "IsAllDay": true,
            "ProjectId": 3,
            "TaskId": 2
        },
        {
            "Id": 47,
            "Subject": "Project Review",
            "StartTime": "2023-01-04T08:30:00.000Z",
            "EndTime": "2023-01-04T10:30:00.000Z",
            "IsAllDay": true,
            "ProjectId": 3,
            "TaskId": 1
        },
        {
            "Id": 48,
            "Subject": "Manual testing",
            "StartTime": "2023-01-04T12:00:00.000Z",
            "EndTime": "2023-01-04T14:00:00.000Z",
            "IsAllDay": true,
            "ProjectId": 3,
            "TaskId": 2
        },
        {
            "Id": 49,
            "Subject": "Project Preview",
            "StartTime": "2023-01-04T12:30:00.000Z",
            "EndTime": "2023-01-04T14:30:00.000Z",
            "IsAllDay": true,
            "ProjectId": 3,
            "TaskId": 1
        },
        {
            "Id": 50,
            "Subject": "Cross-browser testing",
            "StartTime": "2023-01-25T08:30:00.000Z",
            "EndTime": "2023-01-25T10:00:00.000Z",
            "IsAllDay": true,
            "ProjectId": 2,
            "TaskId": 2
        },
        {
            "Id": 51,
            "Subject": "Bug Automation",
            "StartTime": "2023-01-26T04:30:00.000Z",
            "EndTime": "2023-01-26T05:30:00.000Z",
            "IsAllDay": true,
            "ProjectId": 1,
            "TaskId": 1
        },
        {
            "Id": 52,
            "Subject": "Functionality testing",
            "StartTime": "2023-01-26T03:30:00.000Z",
            "EndTime": "2023-01-26T06:00:00.000Z",
            "IsAllDay": true,
            "ProjectId": 1,
            "TaskId": 2
        },
        {
            "Id": 53,
            "Subject": "Resolution-based testing",
            "StartTime": "2023-01-27T08:30:00.000Z",
            "EndTime": "2023-01-27T09:30:00.000Z",
            "IsAllDay": true,
            "ProjectId": 2,
            "TaskId": 1
        },
        {
            "Id": 54,
            "Subject": "Test report validation",
            "StartTime": "2023-01-27T03:30:00.000Z",
            "EndTime": "2023-01-27T05:30:00.000Z",
            "IsAllDay": true,
            "ProjectId": 2,
            "TaskId": 2
        },
        {
            "Id": 55,
            "Subject": "Test case correction",
            "StartTime": "2023-01-28T04:30:00.000Z",
            "EndTime": "2023-01-28T06:00:00.000Z",
            "IsAllDay": true,
            "ProjectId": 1,
            "TaskId": 1
        },
        {
            "Id": 56,
            "Subject": "Run test cases",
            "StartTime": "2023-01-28T04:30:00.000Z",
            "EndTime": "2023-01-28T05:00:00.000Z",
            "IsAllDay": true,
            "ProjectId": 2,
            "TaskId": 2
        },
        {
            "Id": 57,
            "Subject": "Bug fixing",
            "StartTime": "2023-01-29T06:30:00.000Z",
            "EndTime": "2023-01-29T07:00:00.000Z",
            "IsAllDay": true,
            "ProjectId": 1,
            "TaskId": 1
        },
        {
            "Id": 58,
            "Subject": "Debugging",
            "StartTime": "2023-01-29T03:30:00.000Z",
            "EndTime": "2023-01-29T05:00:00.000Z",
            "IsAllDay": true,
            "ProjectId": 2,
            "TaskId": 2
        },
        {
            "Id": 59,
            "Subject": "Exception handling",
            "StartTime": "2023-01-30T04:30:00.000Z",
            "EndTime": "2023-01-30T05:30:00.000Z",
            "IsAllDay": true,
            "ProjectId": 2,
            "TaskId": 1
        },
        {
            "Id": 60,
            "Subject": "Decoding",
            "StartTime": "2023-01-30T05:00:00.000Z",
            "EndTime": "2023-01-30T07:00:00.000Z",
            "IsAllDay": true,
            "ProjectId": 2,
            "TaskId": 2
        }
    ],
    "timelineResourceData": [
        {
            "Id": 61,
            "Subject": "Decoding",
            "StartTime": "2023-01-04T04:00:00.000Z",
            "EndTime": "2023-01-04T05:00:00.000Z",
            "IsAllDay": true,
            "ProjectId": 2,
            "TaskId": 2
        },
        {
            "Id": 62,
            "Subject": "Bug Automation",
            "StartTime": "2023-01-04T10:30:00.000Z",
            "EndTime": "2023-01-04T14:30:00.000Z",
            "IsAllDay": true,
            "ProjectId": 2,
            "TaskId": 1
        },
        {
            "Id": 63,
            "Subject": "Functionality testing",
            "StartTime": "2023-01-04T03:30:00.000Z",
            "EndTime": "2023-01-04T05:00:00.000Z",
            "IsAllDay": true,
            "ProjectId": 1,
            "TaskId": 1
        },
        {
            "Id": 64,
            "Subject": "Resolution-based testing",
            "StartTime": "2023-01-04T06:30:00.000Z",
            "EndTime": "2023-01-04T09:30:00.000Z",
            "IsAllDay": true,
            "ProjectId": 2,
            "TaskId": 4
        },
        {
            "Id": 65,
            "Subject": "Test report validation",
            "StartTime": "2023-01-04T09:30:00.000Z",
            "EndTime": "2023-01-04T12:30:00.000Z",
            "IsAllDay": true,
            "ProjectId": 1,
            "TaskId": 1
        },
        {
            "Id": 66,
            "Subject": "Test case correction",
            "StartTime": "2023-01-04T08:30:00.000Z",
            "EndTime": "2023-01-04T10:30:00.000Z",
            "IsAllDay": true,
            "ProjectId": 3,
            "TaskId": 6
        },
        {
            "Id": 67,
            "Subject": "Bug fixing",
            "StartTime": "2023-01-04T09:00:00.000Z",
            "EndTime": "2023-01-04T13:00:00.000Z",
            "IsAllDay": true,
            "ProjectId": 3,
            "TaskId": 5
        },
        {
            "Id": 68,
            "Subject": "Run test cases",
            "StartTime": "2023-01-04T12:00:00.000Z",
            "EndTime": "2023-01-04T14:00:00.000Z",
            "IsAllDay": true,
            "ProjectId": 2,
            "TaskId": 4
        },
        {
            "Id": 70,
            "Subject": "Bug Automation",
            "StartTime": "2023-01-04T10:30:00.000Z",
            "EndTime": "2023-01-04T14:30:00.000Z",
            "IsAllDay": true,
            "ProjectId": 2,
            "TaskId": 3
        }
    ]
    
}